[
    {
        "title": "I love checkers",
        "userName": "Inturi",
        "timeCommented": "2021-09-16T18:39:59.790Z",
        "comments": "Web Arcade is awesome",
        "gameId": 1
    },
    {
        "title": "Can play for hours",
        "userName": "Rohdes",
        "timeCommented": "2021-09-16T19:02:07.308Z",
        "comments": "I played this game whole day non-stop on a Sunday!",
        "gameId": 1
    },
    {
        "title": "Weekend fun",
        "userName": "Yabaluru",
        "timeCommented": "2021-09-17T17:05:36.162Z",
        "comments": "Like to play board games over the weekends with family!",
        "gameId": 1
    },
    {
        "title": "Checkers, I love it",
        "userName": "John",
        "timeCommented": "2021-09-19T12:25:11.930Z",
        "comments": "This is an awesome game.",
        "gameId": 1
    }
]